Name,Code,City,State,Street,Floor,Country Name,Zip,Suite
Akron POP,AKRO,Akron,Ohio,106 S Arlington St,,United States,44306,
Albany Add/drop,ALBA,Albany,New York,194 Washington Ave,fifth floor,United States,12210,S002
Albany 99 Wash GT,ALBA2,Albany,New York,99 Washington Ave,,United States,12210,
Albany I87 GT,ALBA3,Albany,New York, I87 ,,United States,12201,
Albany unneeded GT Pearl St,ALBA4,Albany,New York,316 N Pearl St,,United States,12207,
Albany Glass-Thru,ALBA5,Albany,New York,55 McAlpin St,,United States,12209,
Albuquerque POP,ALBU,Albuquerque,New Mexico,505 Marquette Avenue NW ,1st Floor,United States,87102,112
Albuquerque GT,ALBU2,Albuquerque,New Mexico,104 Gold Avenue SE,,United States,87110,
Alpine POP,ALPI,Alpine,Texas,22313 US HWY 90 Hwy,,United States,79830,
Internet2 Amsterdam POP at Netherlight,AMST,Amsterdam,Other,Science Park 121,,Netherlands,1098,
"Amsterdam, NY POP",AMST2,Amsterdam,New York,1043 Langley Rd,,United States,12010,
ACS North Wirecenter (NWC) OFFNET,ANCH,Anchorage,Alaska,1309 E St,,United States,99501,
ACS East Wirecenter (EWC),ANCH2,Anchorage,Alaska,7441 Debar Rd,,United States,99501,
Anderson (Gluck) POP,ANDE,Anderson (Gluck),South Carolina,109 Martin Rd,,United States,29626,
Angola POP,ANGO,Angola,Indiana,832 E US Highway 20,,United States,46703,
Arapahoe POP,ARAP,Arapahoe,Nebraska,72294 Rd 429,,United States,68922,
Ashburn POP,ASHB,Ashburn,Virginia,21715 Filigree Ct,,United States,20147,
Ashburn 2 Glass through,ASHB2,Ashburn,Virginia,21711 Filigree Ct.,,United States,20147,
Atlanta--[router],ATLA,Atlanta,Georgia,180 Peachtree Street NW,4th floor,United States,30303,S007
Atlanta - 345 Courtland Glass through,ATLA2,Atlanta,Georgia,345 Courtland NE St,,United States,30308,
Atlanta - 56 Marrietta,ATLM,Atlanta,Georgia,56 Marietta St NW,2,United States,30303,
Auburn POP,AUBU,Auburn,California,1725 Auburn Ravine Rd,,United States,95603,
Auburn POP,AUBU2,Auburn,Nebraska,2m S/O 26 on US HWY 75 E/O 725,,United States,68305,
Ault POP,AULT,Ault,Colorado,19493 County Rd 80,,United States,80610,
Austin POP,AUST,Austin,Texas,500 B Chicon St,,United States,78702,
Baker (Silver Lake) POP,BAKE,Baker (Silver Lake),California,60060 Power Line Rd,,United States,92309,
Baltimore POP,BALT,Baltimore,Maryland,300 W Lexington St,3rd Floor,United States,21201,"No Suite.  
ICC"
Banning POP,BANN,Banning,California,2010 E Westward Ave,,United States,92220,
Barnsdall POP,BARN,Barnsdall,Oklahoma,545 A CORT 2401 ,,United States,74002,
Barstow POP,BARS,Barstow,California,29811 Brahma Rd,,United States,92311,
Basile POP,BASI,Basile,Louisiana,1919 Hunter Rd,,United States,70515,
Batavia POP,BATA,Batavia,New York,8216 Kelsey Rd,,United States,14020,
Baton Rouge--grooming,BATO,Baton Rouge,Louisiana,9826 Burbank Drive,first floor,United States,70810,S005
Baton Rouge Glass through,BATO2,Baton Rouge,Louisiana,445 North Blvd,,United States,70802,
Baxley (Surrency) POP,BAXL,Baxley (Surrency),Georgia, Yellow Jacket Rd,,United States,31513,
Bellevue (Omaha) POP,BELL,Bellevue,Nebraska,1514 Chandler Rd W,,United States,68147,
Benson POP,BENS,Benson,Arizona,3153 W Train Track Rd,,United States,85602,
Bernardo POP,BERN,Bernardo,New Mexico,90 Ramon Lopez Rd,,United States,87006,
Beryl (Yale Crossing) POP,BERY,Beryl (Yale Crossing),Utah,8471 N 5600 W ,,United States,84714,
Bethune POP,BETH,Bethune,Colorado,32353 COHWY 40 ,,United States,80805,
Birmingham POP,BIRM,Birmingham,Alabama,401 6th St S,,United States,35233,
Bison POP,BISO,Bison,Kansas, Rual Route 1 N383727 W99735,,United States,67520,
0: Parts Storage Bloomington Data Center,bldc,Bloomington,Indiana,2737 E. 10th St,,United States,47408,
Bloomington Data Center,BLDC,Bloomington,Indiana,2737 E. 10th St,,United States,47408,Enterprise Pod
Bloomington POP,BLOO,Bloomington,Illinois,3206 Stringtown Rd,,United States,61705,
Blountsville POP,BLOU,Blountsville,Alabama,70415 Main St,,United States,35031,
Bogart POP,BOGA,Bogart,Georgia,206 BEAR CREEK LN,,United States,30622,
Boise,BOIS,Boise,Idaho,435 West McGregor Drive,first floor,United States,83705,
Bosque POP,BOSQ,Bosque,New Mexico,1236 Hwy 1 ,,United States,87006,
Boston--grooming,BOST,Boston,Massachusetts,300 Bent Street,first floor,United States,2141,
Boston POP - Markley,BOST2,Boston,Massachusetts,One Summer St,,United States,2110,
Boston Glass through,BOST3,Boston,Massachusetts,1 Summer St,,United States,2110,
Bowie POP,BOWI,Bowie,Arizona,2403 Luzena Rd,,United States,85632,
Bracketville POP,BRAC,Bracketville,Texas,15402 US HWY 90 Hwy,,United States,78832,
Brenham POP,BREN,Brenham,Texas,55 Wildflower Rd,,United States,44833,
Bridge POP,BRID,Bridge,Idaho,2775 S 2400 E ,,United States,83342,
Bridgewater POP,BRID2,Bridgewater,Connecticut, Rt 67 New Milford Ebow Brook,,United States,6752,
Brocade RMA,Brocade,San Jose,California,1320 Ridder Park Drive,,United States,95131,
Buckeye (Agua Caliente) POP,BUCK,Buckeye (Agua Caliente),Arizona,20402 S 419th Ave,,United States,85326,
Buckeye POP,BUCK2,Buckeye,Arizona,8416 S 299th Ave,,United States,85326,
Buffalo POP,BUFF,Buffalo,New York,325 Delaware Ave,,United States,14202,
Buffalo Glass-Thru,BUFF2,Buffalo,New York,240 Scott St,,United States,14204,
Buffalo POP,BUFF3,Buffalo,New York,350 Main St,,United States,14202,
Buffalo POP,BUFF4,Buffalo,New York,1090 Harlem Rd,,United States,14227,
Buffalo Junction POP,BUFF5,Buffalo Junction,New York,2447 Clinton St,,United States,14224,
Buffalo--drop only,BUFF6,Buffalo,New York,240 Scott Street,,United States,14204,
Buna POP,BUNA,Buna,Texas,10300 Hwy 62 ,,United States,77612,
Burney POP,BURN,Burney,California,37576 State Hwy 299 E ,,United States,96013,
Byars POP,BYAR,Byars,Oklahoma, Route 2 Box 37,,United States,74831,
Bay Point,BYPT,Pittsburg,California,487 Canal Rd,1st,United States,94565,
Caliente (Coyotte Springs) POP,CALI,Caliente (Coyotte Springs),Nevada,39 M NO Garnet Junction on USHWY 93 N Jct,,United States,89008,
Caliente (Monument Canyon) POP,CALI2,Caliente (Monument Canyon),Nevada,16 M NEO US Hwy 93 Hwy,,United States,89008,
Caney (Tyro) POP,CANE,Caney (Tyro),Kansas,2506 County Rd 2600 Rd,,United States,67333,
Castle Rock POP,CAST,Castle Rock,Colorado,182 Santa Fe Dr,,United States,80104,
CENIC,CENIC,Los Angeles,California,Unknown,,United States,0,
Centerview POP,CENT2,Centerview,Missouri,160 SW 701st Rd,,United States,64019,
Chalmers POP,CHAL,Chalmers,Indiana,64835 S 300 W ,,United States,47927,
Chanute POP,CHAN,Chanute,Kansas,18535 Ford Rd,,United States,66720,
Charlotte -- grooming,CHAR,Charlotte,North Carolina,4021 Rose Lake Drive,,United States,28217-2857,
Chemult POP,CHEM,Chemult,Oregon,109110 Hwy 97 N ,,United States,97731,
Chepachet POP,CHEP,Chepachet,Rhode Island,732 Putnam Pike,,United States,2814,
Chesterton POP,CHES,Chesterton,Indiana,1170 N 400 E,,United States,46304,
Cheyenne POP,CHEY,Cheyenne,Wyoming,310 Road 206 Granite Cyn,,United States,82059,
Cheyenne POP,CHEY2,Cheyenne,Wyoming,2356 Horse Creek Rd,,United States,82009,
Cheyenne POP,CHEY3,Cheyenne,Wyoming,6444 S Greeley Hwy,,United States,82009,
Chicago - 600W,CHIC,Chicago,Illinois,600 West Chicago Avenue,First floor,United States,60654,S011
Chicago 111 Glass through,CHIC2,Chicago,Illinois,111 N Canal St,,United States,60606,
Chicago Randolph Glass through,CHIC3,Chicago,Illinois,130 E. Randolph St.,,United States,60601,
Parts Storage Ciena CTO Assets,CIENA,ciena,Indiana,ciena st,,United States,47401,
Cincinnati POP,CINC,Cincinnati,Ohio,400 Pike St,,United States,45202,
Cle Elum POP,CLEE,Cle Elum,Washington,4110 Lower Peoh Point Rd,,United States,98922,
Cleveland--[router],CLEV,Cleveland,Ohio,4000 Chester Avenue,First floor,United States,44103,S004
Cleveland ACI Glass through,CLEV2,Cleveland ACI,Ohio,2221 Hamilton Ave,,United States,44114,
Cleveland WCG Glass through,CLEV3,Cleveland WCG,Ohio,1621 Euclid Ave,,United States,44115,
Cleveland Glass Thru,CLEV4,Cleveland,Ohio,1625 Rockwell,,United States,44114,
Coalville POP,COAL,Coalville,Utah,1779 E Wanship Rd,,United States,84017,
Coalville POP,COAL2,Coalville,Utah,224 South E 50 West,,United States,84017,
Colorado Springs POP,COLO,Colorado Springs,Colorado,411 Conejos St,,United States,80903,
Columbiana POP,COLU2,Columbiana,Ohio,2151 Creek Rd,,United States,44408,
Colusa POP,COLU3,Colusa,California,210 10th St,,United States,95932,
Columbus POP,COLU5,Columbus,Ohio,376 W Broad St,,United States,43215,
Cologix COL3,COLU6,Columbus,Ohio,585 Scherers Court,,United States,43085,
Comstock POP,COMS,Comstock,Texas,33838 USHWY 90 ,,United States,78851,
Concord (Albion) POP,CONC,Concord (Albion),Michigan,14267 Hutchison Rd,,United States,49224,
Conneaut (Monroe) POP,CONN,Conneaut (Monroe),Ohio,4517 Center Rd,,United States,44030,
Corning POP,CORN,Corning,California,702 2nd St,,United States,96021,
Corona POP,CORO,Corona,California,13599 Temescal Canyon Rd,,United States,92883,
Corsicana POP,CORS,Corsicana,Texas,2930 Fish Tank Rd,,United States,75110,
Crown Point POP,CROW,Crown Point,Indiana,12918 Grant St,,United States,46307,
CTC Machine Room,CTC,Indianapolis,Indiana,535 West Michigan St,,United States,46202,
Indianapolis ICTC,CTC,Indianapolis,Indiana,535 W. Michigan,,,46202,
Culbertson POP,CULB,Culbertson,Nebraska,Taylor St @ USHWY 6,,United States,69024,
Cumberland POP,CUMB,Cumberland,Maryland,700 Kelly Rd,,United States,21502,
Custer POP,CUST,Custer,Montana,2 nd Ave,,United States,59024,
Dallas POP,DALL,Dallas,Texas,400 S Akard,fifth floor,United States,75202,5th Floor
Dallas Glass-thru,DALL2,Dallas,Texas,3180 Irving Blvd,,United States,75247,
Equinix Dallas - DA1,DALL3,Dallas,Texas,1950 N. Stemmons Fwy,,United States,75207,1034
DALLAS 308 AKARD,DALL4,Dallas,Texas,400 South Akard Street,,United States,75202,
Dawson POP,DAWS,Dawson,North Dakota, Garfield St,,United States,58428,
Dayton POP,DAYT,Dayton,Ohio,846 E 1st St,,United States,45402,
Defuniak Springs POP,DEFU,Defuniak Springs,Florida,35 Wells St,,United States,32435,
Del Rio POP,DELR,Del Rio,Texas,4256 US HWY 90 Hwy,,United States,78840,
Delta POP,DELT,Delta,Utah,450 S 640 W ,,United States,84624,
Deming POP,DEMI,Deming,New Mexico,11485 Mundo NE Rd,,United States,88030,
Demotte POP,DEMO,Demotte,Indiana,9067 N 900 W ,,United States,46310,
Denton POP,DENT,Denton,Texas,5209 N Interstate 35 ,,United States,76207,
Denver,DENV,Denver,Colorado,1850 Pearl Street,garden level,United States,80203,S002
Denver Glass through,DENV2,Denver,Colorado,910 15th St,,United States,80202,
Detroit (Southfield) POP,DETR,Detroit (Southfield),Michigan,19675 W 10 Mile Rd,Second floor,United States,48075,
Detroit POP,DETR2,Detroit,Michigan,1965 Porter St,,United States,48216,
Dexter POP,DEXT,Dexter,Michigan,7822 2nd St,,United States,48130,
Dinwiddie POP,DINW,Dinwiddie,Virginia,13011 Boydton Plank Rd,,United States,23841,
parts_dock_I2,DKI2,Bloomington,Indiana,2737 E 10th St,,United States,47408,
Dona Ana POP,DONA,Dona Ana,New Mexico,6450 Dona Ana Rd,,United States,88005,
Dragoon POP,DRAG,Dragoon,Arizona,4846 E Dragoon Rd,,United States,85609,
Drumright POP,DRUM,Drumright,Oklahoma, Route 1 Box 124-5,,United States,74030,
Durkee POP,DURK,Durkee,Oregon,29094 Old Hwy 30 Hwy,,United States,97905,
Echo Springs POP,ECHO,RAWLINS,Wyoming,5.9 MI S ON STHWY 789 - EXIT 187,,United States,82301,
El Centro POP,ELCE,El Centro,California,1202 Industry Way,,United States,92243,
Elk Mountain POP,ELKM,Elk Mountain,Wyoming,3 MI N on STHWY 72 N Mtn,,United States,82324,
Elko POP,ELKO,Elko,Nevada, Exit 333 I-80 E  on North Frontgate Rd,,United States,89835,
Ellinwood POP,ELLI,Ellinwood,Kansas,1150 E Barton County Rd,,United States,67526,
Ellis POP,ELLI2,Ellis,Kansas, Rual Route 1 N385720 W1002643,,United States,67637,
Elmdale POP,ELMD,Elmdale,Kansas, Rural Route 1 N382358 W96216,,United States,66850,
El Paso--grooming,ELPA,El Paso,Texas,501 West Overland Avenue,first floor,United States,79901,S004
El Paso Glass through,ELPA2,El Paso,Texas,201 E Main Dr,,United States,79901,
Elwood POP,ELWO,Elwood,Illinois,20145 W Manhattan Rd,,United States,60421,
Emigrant Gap (Blue Canyon) POP,EMIG,Emigrant Gap (Blue Canyon),California,40211 Blue Canyon Rd,,United States,95712,
Engle (Rancho De La Fe) POP,ENGL,Engle (Rancho De La Fe),New Mexico,1050 MP 105051 ,,United States,87901,
Chicago - Cermak,EQCH,Chicago,Illinois,350 E Cermak Rd,,United States,60616,5th Floor
Escondido (Mesa Rock) POP,ESCO,Escondido (Mesa Rock),California,25480 N Ctr,,United States,92026,
ESNET Decom,ESNETDecom,Berkeley,California,1 Cyclotron Road,,United States,94720,
ESNet Storage,ESNETstorage,Berkeley,California,1 Cyclotron Road  50A-1165,,United States,94720,
Eugene POP,EUGE,Eugene,Oregon,90470 Prairie Rd,,United States,97402,
Eureka POP,EURE,Eureka,Nevada, I80 ,,United States,89821,
Evanston POP,EVAN,Evanston,Wyoming,15701 State HWY 150,,United States,82930,
ACS Globe CO - Fairbanks,FAIR,Fairbanks,Alaska,645 5th Ave,,United States,99701,
Fallon POP,FALL,Fallon,Nevada, I80 ,,United States,89406,
Fallon POP,FALL2,Fallon,Montana, Broadway ,,United States,59326,
Houston Fannin Street Add/drop,FANN,Houston,,1301 Fannin Street,,United States,77002,
Fargo - Zayo--[router],FARG,Fargo,North Dakota,2525 33rd Ave,,United States,58103,
Fargo POP,FARG1,Fargo,North Dakota,2525 33rd Avenue S,,United States,58103,
Fayette POP,FAYE,Fayette,Ohio,14975 County Rd 19,,United States,43521,
Fergus Falls POP,FERG,Fergus Falls,Minnesota,1325 Frontier Dr,,United States,56537,
Finn POP,FINN,Finn,Montana, Nevada Creek Rd,,United States,59843,
Flagler POP,FLAG,Flagler,Colorado,7250 County Rd,,United States,80815,
Florence (Higley) POP,FLOR,Florence (Higley),Arizona,6268 E Heritage Rd,,United States,85232,
Folkston (Newell) POP,FOLK,Folkston (Newell),Georgia,0 22M EO CORD 94 on CORD 95 E ,,United States,31537,
Forestville POP,FORE,Forestville,New York,2529 Route 39,,United States,14062,
Forsyth POP,FORS,Forsyth,Montana,169-199 N 10th Ave,,United States,59327,
Fort Bridger POP,FORT,Fort Bridger,Wyoming,3602 STHWY 412 Ft,,United States,82933,
Fort Hancock POP,FORT2,Fort Hancock,Texas,1291 Lasca Rd,,United States,79839,
Fort Bridger POP,FORT3,Fort Bridger,Wyoming,6102 County Rd 212,,United States,82933,
Frederick POP,FRED,Frederick,Maryland,315 Ballenger Center Dr,,United States,21703,
Frederick Ballenger Center Zero MH,FRED2,Frederick,Maryland,315 Ballenger Center Dr,,United States,21703,Fl-1/Rm-Level 3 Zero MH
Freeport POP,FREE,Freeport,Florida,9926 ST Hwy 20 E ,,United States,32439,
Freeport POP,FREE2,Freeport,Minnesota,1205 7th SW St,,United States,56331,
Fremont POP,FREM2,Fremont,Ohio,864 CORD 212 ,,United States,43420,
Fremont POP,FREM3,Fremont,California,37975 Shinn St,,United States,94536,
Fultonville (Mohawk) POP,FULT,Fultonville (Mohawk),New York, Old River 113A,,United States,12072,
Gaffney (Spartanburg) POP,GAFF,Gaffney (Spartanburg),South Carolina,166 Log Cabin Rd,,United States,29340,
Gary POP,GARY,Gary,Indiana,911 Adams St,,United States,46402,
Green Court Testlab at Ann Arbor,GCDC,Ann Arbor,Michigan,3520 Green Court,,United States,48105,
GDT,GDT,Dallas,Texas,8000 Ambassador Row,,United States,75247,
Giddings POP,GIDD,Giddings,Texas,2230 W Highway 290 Hwy,,United States,78942,
Glen Ullin POP,GLEN,Glen Ullin,North Dakota, County Road 139 Gln,,United States,58631,
Glendive POP,GLEN2,Glendive,Montana, N Anderson Ave,,United States,59330,
Golconda (Snow Gulch) POP,GOLC,Golconda (Snow Gulch),Nevada, I80 ,,United States,89414,
Goodland POP,GOOD,Goodland,Kansas,5655 County Rd 16 Rd,,United States,67735,
Gooding POP,GOOD2,Gooding,Idaho,1721 S 2200 E ,,United States,83330,
Gordon POP,GORD,Gordon,Georgia,7401 W Main St,,United States,31031,
Grafton POP,GRAF,Grafton,Nebraska,200 W North St,,United States,68365,
Grainfield POP,GRAI,Grainfield,Kansas,1102 CORD 50 ,,United States,67737,
Granger POP,GRAN,Granger,Wyoming,193 Old Little America Rd (County Rd 2),,United States,82934,
Greensburg POP,GREE,Greensburg,Louisiana,43 Hwy 43 N ,,United States,70441,
Greensboro POP,GREE2,Greensboro,North Carolina,5942 Lake Brandt Rd,,United States,27455,
Greensburg POP,GREE3,Greensburg,Indiana,4407 E State Rd 46 Rd,,United States,47240,
GOREX location in Piti,GUAM,Piti,--No State--,330 Marine Drive,,Guam,96910,
Gurnee POP,GURN,Gurnee,Illinois,3975 Ryan Road,,United States,60031,
Haigler POP,HAIG,Haigler,Nebraska,HWY 27 & HWY 34,,United States,69030,
Hancock POP,HANC,Hancock,Maryland,7257 Millstone Rd,,United States,21750,
Harmony Township POP,HARM,Harmony Township,Ohio,1290 Fletcher Pike,,United States,45368,
Hartford POP,HART2,Hartford,Connecticut,155 Locust St,,United States,6114,
Heartwell POP,HEART,Heartwell,Nebraska,1632 41 Rd,,United States,68945,
Helena POP,HELE,Helena,Montana,400-498 N Park,,United States,59601,
Herald POP,HERA,Herald,California,13368 Alta Mesa Rd,,United States,95632,
Hillard Flat POP,HILL,Hillard Flat,Wyoming,14563 State Highway 150 S ,,United States,82930,
Hixton POP,HIXT,Hixton,Wisconsin, I94 State Hwy 95,,United States,54635,
Holyoke POP - MGHPCC,HOLY,Holyoke,Massachusetts,100 Bigelow St,,United States,1040,
Hondo (Castroville) POP,HOND,Hondo (Castroville),Texas,4795 Highway 90 W ,,United States,78861,
Uniontown (Hopwood) POP,HOPW,Uniontown (Hopwood),Pennsylvania, 1200 FT SWO SHWY 40 Atlas Corner,,United States,15401,
Hosford POP,HOSF,Hosford,Florida, ST HWY 65 ST HWY 20,,United States,32334,
Houston Post Oak GT,HOU2,Houston,Texas,520 Post Oak Blvd,,United States,77027,
Houston Hardy Street Add/Drop,HOUH,Houston,Texas,1124 Hardy St,1st,United States,77020,
Houston--[router],HOUS,Houston,Texas,12001 North Fwy,First floor,United States,77060,
Howell POP,HOWE,Howell,Utah,18355 N Hwy 84 Hwy,,United States,84316,
"Lincoln, IL",HTBGIL1W,Lincoln,Illinois,849 E 1950 St,,United States,62656,
Hudson POP,HUDS,Hudson,Colorado,20039 County Rd 22,,United States,80642,
Huffman (Kingwood) POP,HUFF,Huffman (Kingwood),Texas,33902 Huffman Cleveland Rd,,United States,77336,
Hunter POP,HUNT,Hunter,Nevada, Exit 292 Off I-80 N ,,United States,89801,
Huntsville POP,HUNT2,Huntsville,Alabama,2031 Blue Springs Rd NW,,United States,35810,
Hyder POP,HYDE,Hyder,Arizona,43603 S Agua Caliente,,United States,85333,
DECOM-POP,I2-DECOM,Bloomington,Indiana,2709 E.10th St,,United States,47408,
Internet2 - Ann Arbor,I2AA,Ann Arbor,Michigan,3520 Green Court,,United States,48105,200
Indianapolis - Lifeline,INDI,Indianapolis,Indiana,733 W. Henry Street,,United States,46225,
Indianapolis Glass through,INDI2,Indianapolis,Indiana,720 Kentucky Ave,,United States,46225,
Indianapolis Level3/Glass through,INDI3,Indianapolis,Indiana,1902 South East Street,,United States,46225,S009
Indio POP,INDI4,Indio,California,23501 Wheel Rd,,United States,92254,
Inman POP,INMA,Inman,Kansas,380 Plum Ave,,United States,67546,
Iowa POP,IOWA,Iowa,Louisiana,21648 N Frontage Rd,,United States,70647,
Irvington POP,IRVI,Irvington,Kentucky,1 0M NOW SHWY 477 on STHWY 79 ,,United States,40142,
Jacksonville--grooming,JACK,Jacksonville,Florida,4814 Phillips Highway,first floor,United States,32207,
Jackson Glass through,JACK2,Jackson,Mississippi,1007 NW Progress Pkwy,,United States,39213,
Jackson (Zachary) POP,JACK3,Jackson (Zachary),Louisiana,1479 Highway 954 ,,United States,70748,
Jacksonville Glass through,JACK5,Jacksonville,Florida,95 Hanover St,,United States,32204,
Jamestown POP,JAME,Jamestown,North Dakota,1355 5th SE St,,United States,58401,
"Jackson, MS POP",JCSN,Jackson,Mississippi,111 E Capitol St,first floor,United States,39201,
Jean POP,JEAN,Jean,Nevada, 3000 ft EO 115 Hwy 181 Goodsprings E,,United States,89019,
Kalamazoo POP,KALA,Kalamazoo,Michigan,830 E Crosstown Pkwy,,United States,49001,
Kansas City--[router],KANS,Kansas City,Missouri,1100 Walnut Street,5th floor,United States,64106,500
Kansas City Glass through,KANS3,Kansas City,Missouri,1212 E 19th St,,United States,64108,
Kansas City Glass through,KANS4,Kansas City,Missouri,1102 Grand Blvd,,United States,64106,
Kelso (Ostrander) POP,KELS,Kelso (Ostrander),Washington,4318 Pleasant Hill Rd,,United States,98626,
Kenosha POP,KENO,Kenosha,Wisconsin, I-94 County E E,,United States,53144,
Kincaid (Selma Station) POP,KINC,Kincaid (Selma Station),Kansas,32028 SW 700th Rd,,United States,66091,
Kingsbury POP,KING,Kingsbury,Texas,3304 FM 1104 ,,United States,78638,
King George (Dahlgren) POP,KING2,King George (Dahlgren),Virginia,4718 James Madison Pkwy,,United States,22485,
Knapp(Baldwin) POP,KNAP,Knapp(Baldwin),Wisconsin, E6650 County Rd,,United States,54749,
Knippa (Sabinal) POP,KNIP,Knippa (Sabinal),Texas,61 CORD 305 ,,United States,78870,
Knolls (Barro) POP,KNOL,Knolls (Barro),Utah,10 Miles W on I-80 Exit #193 Turn BK R,,United States,84083,
KYRON,KYRON,kyron,--No State--,kyron,,United States,47401,
Lacy (Olympia) POP,LACY,Lacy,Washington,3348 Marvin SE Rd,,United States,98503,
Lafayette POP,LAFA,Lafayette,Louisiana,228 Distribution Dr,,United States,70507,
La Grande POP,LAGR,La Grande,Oregon,58902 Foothill Rd Ln,,United States,97850,
Lake City POP,LAKE,Lake City,Florida, W of Kingston Burbank Terrace,,United States,32055,
Lamy POP,LAMY,Lamy,New Mexico,174 County Rd 33 Rd,,United States,87540,
Lancaster POP,LANC,Lancaster,Kansas,841 Kingman Rd,,United States,68305,
Langtry POP,LANG,Langtry,Texas,4297 US HWY 90 E ,,United States,77871,
Laramie POP,LARA,Laramie,Wyoming,824 Herrick Ln,,United States,82070,
Laramie2 POP,LARA2,Laramie,Wyoming,1194 N US HIGHWAY 30,,United States,82070,
Las Cruces POP,LASC,Las Cruces,New Mexico,9500 County Rd,,United States,88005,
Las Vegas POP,LASV,North Las Vegas,Nevada,1 Aerojet Way,,United States,89030,
Las Vegas POP,LASV2,Las Vegas,New Mexico,261 Old Las Vegas Hwy,,United States,87701,
Lawrence POP,LAWR,Lawrence,Kansas,13084 246th St,,United States,66044,
Lawtons (Angola) POP,LAWT,Lawtons (Angola),New York,12103 Gowanda State Rd,,United States,14091,
Lee POP,LEE,Lee,Massachusetts,250 West Rd,,United States,1238,
Liberty (Raywood) POP,LIBE,Liberty (Raywood),Texas,3008 US Highway 90 Hwy,,United States,77575,
Lincoln POP,LINC,Lincoln,Nebraska,1001 W O St,,United States,68508,
Little America POP,LITT,Little America,Wyoming, 7 County 4-90 American Methanol Rd,,United States,82938,
Little Falls POP,LITT2,Little Falls,New York,2440 State Route 5S,,United States,13365,
Liverpool POP,LIVE,Liverpool,New York,1067 VINE ST,,United States,13088,
Livermore POP,LIVE3,Livermore,California,7000 East Ave,,United States,94550,
Locke Lake POP,LOCK,Locke Lake,Minnesota,21891 143 NW St,,United States,55380,
Lompoc (Whitehills) POP,LOMP,Lompoc (Whitehills),California,331 N A St,,United States,93436,
Lordsburg POP,LORD,Lordsburg,New Mexico,390 Union Trl,,United States,88045,
Los Angeles--[router],LOSA,Los Angeles,California,818 W. 7th Street,10th floor,United States,90017,S018
Los Angeles --[router] 1 Wilshire Building,LOSA2,Los Angeles,California,624 S Grand Ave,,United States,90017,110
Louisville,LOUI,Louisville,Kentucky,848 South 8th Street,first floor,United States,40203,
Lovelock POP,LOVE,Lovelock,Nevada,55 Cornell Ave,,United States,89419,
Lozeau POP,LOZE,Lozeau,Montana,66 2nd Creek Rd,,United States,59872,
Michigan Academic Compputing Center,MACC,Ann Arbor,Michigan,1000 Oakbrook Dr,,United States,48104,
Madison POP,MADI2,Madison,Florida, Country Club RR CSX MP 74532,,United States,32340,
Manhattan POP,MANH,New York,New York,601 W 26TH ST,,United States,10001,
Marathon POP,MARA,Marathon,Texas,28372 USHWY 90 ,,United States,79830,
Marfa POP,MARF,Marfa,Texas,1500 W San Antonio St,,United States,79843,
Marthasville POP,MART,Marthasville,Illinois,103 Peers Bluff Rd,,United States,63357,
Maybee POP,MAYB,Maybee,Michigan,10157 Sumpter Rd,,United States,48159,
Mclean 2nd floor,MCLean2,McLean,Virginia,1755 Old Meadow Road,2,United States,22102,S031
Mebane (Oaks) POP,MEBA,Mebane (Oaks),North Carolina,6515 Hwy 54 W ,,United States,27302,
Mecca POP,MECC,Mecca,California,99815 Highway 111,,United States,92254,
Medicine Bow POP,MEDI,Medicine Bow,Wyoming,MP277.1 US Hwy 30,,United States,82329,
Hong Kong-Mega-i,Megai-HK,"Chai Wan, Hong Kong",--No State--,399 Chai Wan Road,8/F,Hong Kong,1,room 804a (TEIN/CERNET CN
Memphis,MEMP,Memphis,Tennessee,3993 Crowfarn Road,,United States,38118,
Memphis Zayo Glass through,MEMP2,Memphis,Tennessee,75 Rivergate Rd,,United States,38109,
Mendenhall POP,MEND,Mendenhall,Mississippi,3498 Simpson ,,United States,39114,
Metarie POP,META,Metarie,Louisiana,3220 Lausat St,,United States,70001,
Milford POP,MILF,Milford,Utah,1070 E 3100 N ,,United States,84751,
Mill City POP,MILL,Mill City,Nevada, Exit 149 on I80 Lot 14 Blk B Mill City,,United States,89418,
Miller POP,MILL2,Miller,Kansas,1836 Road 330 ,,United States,66868,
Millersville POP,MILL3,Millersville,Maryland, Glen Burnie Brightview,,United States,21108,
Milton (Harold) POP,MILT,Milton (Harold),Florida,10955 Highway 90 ,,United States,32583,
Milwaukee POP,MILW,Milwaukee,Wisconsin,3200 N Camer St,,United States,53211,
Minneapolis POP ,MINN,Minneapolis,Minnesota,511 11th Ave S,,United States,55415,
Missoula2 POP (iConnect Montana),MISS,Missoula,Montana,"110 East Broadway
Attn: iConnect NOC (888) 449-8638",5th,United States,59803,503
Missoula POP (Zayo),MISS2,Missoula,Montana,215 Market St,Floor 1,United States,59808,Room Hut
Mobile POP,MOBI,Mobile,Alabama,50 N Lawrence St,,United States,36602,
Mobile (Miller Creek) POP,MOBI2,Mobile (Miller Creek),Alabama,3735 Newman Rd,,United States,36695,
Modesto POP,MODE,Modesto,California,1224 13th St,,United States,95354,
Modoc Point POP,MODO,Modoc Point,Oregon,16001 Algoma Rd,,United States,97601,
Monmouth Junction (Princeton) POP,MONM,Monmouth Junction (Princeton),New Jersey,4260 US Hwy 1 Hwy,,United States,8852,
Montgomery (Dacus) POP,MONT2,Montgomery (Dacus),Texas,5408 N FM 1486 Rd,,United States,77536,
Monticello (Flovilla) POP,MONT3,Monticello (Flovilla),Georgia, 066 NO SHWY 16 SHWY 221 N,,United States,31064,
Monument POP,MONU,Monument,Kansas,2317 Daydream Rd,,United States,67747,
Moorpark POP,MOOR,Moorpark,California,5245 Kazuko Ct,,United States,93021,
Morton POP,MORT,Morton,Washington,204 National Park Hwy,,United States,98356,
Mt Gilead POP,MTGL,Mt Gilead,Ohio,Conrail & Township Rd 128,,United States,43338,
Mt. Pleasant (Rockdale),MTPL,Mt. Pleasant,Tennessee,9001 New Lawrenceburg Highway,,United States,38474,
Naches POP,NACH,Naches,Washington, Old Naches Hwy,,United States,98937,
Nashville,NASH,Nashville,Tennessee,2990 Sidco Drive,first floor,United States,37204,S009
Nash (Caneyville) POP,NASH2,Nash,Kentucky,4320 SHWY 195 ,,United States,42721,
Newark (Halsey) POP,NEWA,Newark,New Jersey,165 Halsey Street,,United States,7102,
Newark (Lumen) POP,NEWA2,Newark,New Jersey,165 Halsey St,,United States,7102,
New Haven POP,NEWH,New Haven,Connecticut,54 Meadow St,,United States,6519,
New London POP,NEWL,New London,Ohio,98 N Maple St,,United States,44851,
Newton POP,NEWT,Newton,Kansas,937 Falcon Rd,,United States,67114,
NEWY32AOA -- NyserNet  [Router],NEWY32AOA,New York,New York,32 6th Ave.,24th floor,United States,10013,24.06
NEWY60HUD - [Glass through] Level(3),NEWY60HUD,New York,New York,60 Hudson St,,United States,10013,
Niland POP,NILA,Niland,California,7835 E Noffsinger Rd,,United States,92233,
Niles POP,NILE,Niles,Michigan,3345 E US Hwy 12 Hwy,,United States,49120,
Norlina (Wise) POP,NORL,Norlina (Wise),North Carolina,1407 US Highway 1 N ,,United States,27563,
North Bend POP,NORT,North Bend,Washington,43317 SE North Bend N Way,,United States,98045,
Nunn POP,NUNN,Nunn,Colorado,13485 Weld County Rd 108 Rd,,United States,80648,
Oakland POP,OAKL,Oakland,California,1330 Broadway St.,,United States,94612,
Oakland POP,OAKL2,Oakland,California,5000 Hollis St,,United States,94608,
Oakridge POP,OAKR2,Oakridge,Oregon,76228 Fish Hatchery Rd,,United States,97463,
Oasis POP,OASI,Oasis,Nevada,Exit 378 I-80 NE,,United States,89830,
Odell POP,ODEL,Odell,Illinois,19389 E 2300 North Rd,,United States,60460,
Ogden POP,OGDE,Ogden,Utah,526 W 17th St,,United States,84408,
Ontario POP,ONTA,Ontario,Oregon, SE 2nd E E,,United States,97194,
Orange (Pinehurst) POP,ORAN,Orange (Pinehurst),Texas,6008 Tulane Rd,,United States,77630,
Oriska POP,ORIS,Oriska,North Dakota, Hwy32 ,,United States,58063,
Oak Ridge National Laboratory (ORNL) ESnet,ORNL,Oak Ridge,Tennessee,1 Bethel Valley Road,,United States,37831,
Othello POP,OTHE,Othello,Washington, Sagehill Rd,,United States,99344,
Otis POP,OTIS,Otis,Colorado,40395 County Rd,,United States,80743,
Ovando POP,OVAN,Ovando,Montana, Main St,,United States,59854,
Packwood POP,PACK,Packwood,Washington, E Main St,,United States,98361,
Palo Cedro POP,PALO2,Palo Cedro,California,22020 Palo Way,,United States,96073,
0: Parts Storage Bloomington 007 - Telecom,parts-bloom,Bloomington,Indiana,10th ,,United States,47408,
0: Parts Storage Bloomington 008 - Telecom,parts-t2-008,Bloomington,Indiana,2715 E. 10th Street,,United States,47408,8
0: Parts Storage I2 HQ,parts_i2,Ann Arbor,Michigan,4750 S. State Street,,,48108,
0: Parts Storage ICTC,parts_ictc,Indianapolis,Indiana,535 West Michigan Street,,United States,46202,4
0: Parts Storage Rincon,Parts_Rincon,Indianapolis,Indiana,Indy,,United States,44444,
0: Parts Storage Wrubel Computing Center,parts_wrub,Bloomington,Indiana,2711 E 10th St,,United States,47408,
Pass Christian POP,PASS,Pass Christian,Mississippi,13343 Cable Bridge Rd,,United States,39571,
Pendleton (Rieth) POP,PEND,Pendleton (Rieth),Oregon,7500 NW A Ave,,United States,97801,
Pensacola POP,PENS,Pensacola,Florida,221 N Baylen St,,United States,32501,
Perryville POP,PERR,Perryville,Maryland,0 56M NEO Red Toad Rd on I 95 N ,,United States,21911,
Philadelphia,PHIL,Philadelphia,Pennsylvania,401 North Broad Street,3,United States,19108,S010
Phoenix POP,PHOE,Phoenix,Arizona,811 S 16th St,first floor,United States,85034,
Phoenix [Aligned Data Center] POP,PHOE2,Phoenix,Arizona,2500 W Union Hills Drive,,United States,85027,
Pine Valley (Live Oak Springs) POP,PINE,Pine Valley (Live Oak Springs),California,36549 Old Highway 90 Pne,,United States,91962,
Pittsburgh,PITT,Pittsburgh,Pennsylvania,143 South 25th Street,first floor,United States,15203,S013
Plainview,PLAI2,Plainview,Illinois,11417 Shipman Rd,,United States,62685,
Platteville POP,PLAT,Platteville,Colorado,350 Front St,,United States,80651,
Pleasanton,PLEA,Pleasanton,California,4511 Willow Rd,,United States,94588,
parts_pod3_I2,POD3,Bloomington,Indiana,2737 E. 10th,,United States,47408,
Pomona POP,POMO,Pomona,California,1800 Mount Vernon Ave,,United States,91768,
Portland,PORT,Portland,Oregon,1335 NW Northrup Street,first floor,United States,97209,11
Portland (Dunkirk/Brockton) POP,PORT2,Portland (Dunkirk/Brockton),New York,9409 Lake Ave,,United States,14716,
0: Pre-TR-CPS-Merge,pre-merge,Indianapolis,Indiana,null,,United States,46202,
Promfret POP,PROM,Promfret,Connecticut,403 Killingly Road,,United States,6259,
Prosser POP,PROS,Prosser,Washington,89303 Sellards Rd,,United States,99350,
Providence POP,PROV,Providence,Rhode Island,375 Promenade St,,United States,2908,
Pueblo POP,PUEB,Pueblo,Colorado,211 Plum St,,United States,81003,
Ragley POP,RAGL,Ragley,Louisiana,17329 Highway 171 ,,United States,70657,
Raleigh,RALE,Raleigh,North Carolina,5301 Departure Drive,first floor,United States,27616,Dark Fiber - S007
Rapelje POP,RAPE,Rapelje,Montana, Rapelje Rd,,United States,59067,
Raton POP,RATO,Raton,New Mexico, 2723 MI SWO USHWY 87 USHWY 64 SW,,United States,87740,
Red Rock POP,REDR,Red Rock,Arizona,22640 E Camino ,,United States,85245,
Reno POP,RENO,Reno,Nevada,220 Gardner St,,United States,89503,
Reston POP Glass through,REST,Reston,Virginia,12369 Sunrise Valley Dr,,United States,20191,
Reubensville POP,REUB,Reubensville,Tennessee,5618 Highway 31 W ,,United States,37148,
Reverse POP,REVE,Reverse,Idaho,7505 S Hwy 30 Hwy,,United States,83647,
Rexville POP,REXV,Rexville,Indiana,9238-9998 US 421 S ,,United States,47250,
Richmond POP,RICH,Richmond,Virginia,8851 Park Central Dr,,United States,23227,
Ritzville POP,RITZ,Ritzville,Washington, W Tokio Rd,,United States,99169,
Riverside POP,RIVE,Riverside,California,1550 Marlborough Ave,,United States,92507,
Robbins POP,ROBB,Robbins,Texas,3323 FM 39 S ,,United States,77865,
Robertsdale POP,ROBE,Robertsdale,Alabama,22154 US Hwy 90 Hwy,,United States,36567,
Rock Springs POP,ROCK,Rock Springs,Wyoming,740 CORD 30 Spgs,,United States,82901,
Roll POP,ROLL,Roll,Arizona,283 N Ave 49E,,United States,85347,
Rome Township (Montville) POP,ROME2,Rome Township (Montville),Ohio,4901 Ireland Rd,,United States,44095,
Rome POP,ROME3,Rome,New York,5908 Lowell Rd,,United States,13440,
Rose lake POP,ROSE,Rose lake,Idaho,19476 State Road 3 Rd,,United States,83810,
Rupert POP,RUPE,Rupert,Idaho,529 N 300 W ,,United States,83350,
Sacramento POP,SACR,West Sacramento,California,1075 Triangle Court,Second floor,United States,95605,
Sacramento Glass through,SACR2,Sacramento,California,1005 N B St,,United States,95814,
Saint Louis POP,SAIN,Saint Louis,Missouri,900 Walnut St,,United States,63102,
Saint Louis POP,SAIN2,Saint Louis,Missouri,1015 Locust St,,United States,63101,
Salem POP,SALE,Salem,Oregon,2001 16th NE St,,United States,97303,
Salisbury POP,SALI,Salisbury,North Carolina,1900 Sherrills Ford Rd,,United States,28147,
Salt Lake City -- [router],SALT,Salt Lake City,Utah,572 South Delong Street,First floor,United States,84104,S007
Salt Lake City Glass through,SALT2,Salt Lake City,Utah,5035 Harold Gatty Dr Salt Lk,,United States,84116,
Saltese POP,SALT3,Saltese,Montana,3 Frontage W Rd,,United States,59867,
San Antonio POP,SANA,San Antonio,Texas,1203 N Frio St,,United States,78207,
San Ardo POP,SANA2,San Ardo,California,61921 Cattlemen Rd,,United States,63450,
San Bernardino POP,SANB,San Bernardino,California,5705 Industrial Pkwy,,United States,94207,
Sanderson POP,SAND2,Sanderson,Texas,538 USHWY 90 ,,United States,79848,
San Francisco POP,SANF,San Francisco,California,185 Berry St,,United States,94107,
Equinix SV1 (SANJ),SANJ,San Jose,California,11 Great Oaks Blvd,,United States,95119,
San Martin POP,SANM,San Martin,California, SWO Depot S S,,United States,95046,
Santa Clara Glass through,SANT,Santa Clara,California,3045 Raymond St,,United States,95054,
Santa Barbara POP,SANT2,Santa Barbara,California,122 Helena Ave,,United States,93101,
Savage POP,SAVA,Savage,Mississippi,255 Hwy 3,,United States,38655,
Savannah (Lutts),SAVA2,Savannah,Tennessee,9150 Highway 203,,United States,38372,
Ashtabula POP,SAYB,Ashtabula,Ohio,450 N Ridge Rd W,,United States,44004,
Scottsville POP,SCOT,Scottsville,New York,24 Erie Station Rd Scottsville Travel Plz,,United States,14546,
Seattle-Westin--[router],SEAT,Seattle,Washington,2001 6th Ave.,8th,United States,98121,803
Seattle-Level3--grooming,SEAT2,Seattle,Washington,1000 Denny Way,,United States,98109,
Seattle Glass through,SEAT3,Seattle 02,Washington,124 Terry N Ave,,United States,98109,
Seminary POP,SEMI,Seminary,Mississippi,11 Kelly Creek Rd,,United States,39479,
Sentinal Butte POP,SENT,Sentinal Butte,North Dakota, Sentinal ,,United States,58501,
Shawnee POP,SHAW,Shawnee,Oklahoma,100 Garrett Lake Rd,,United States,84804,
Shelbyville POP,SHEL,Shelbyville,Tennessee,542 Shelbyville Mills Rd,,United States,37161,
Shipshewana POP,SHIP,Shipshewana,Indiana,8210 US Highway 20,,United States,46565,
Sidon POP,SIDO,Sidon,Mississippi,30370 County Rd,,United States,38935,
Silver City POP,SILV,Silver City,New Mexico,4261 Separ Rd,,United States,88043,
Sinclair POP,SINC,Sinclair,Wyoming, 6 MI Plant S,,United States,82334,
Singapore Equinix SG3,SING3,Singapore,--No State--,26A Ayer Rajah Crescent,,Singapore,139963,
Slidell POP,SLID,Slidell,Louisiana,46532 Highway 90 ,,United States,70461,
Soledad POP,SOLE,Soledad,California,500 Front St,,United States,93960,
Soperton (Tarrytown) POP,SOPE,Soperton (Tarrytown),Georgia, Tract #2 W ,,United States,30457,
Sorrento POP,SORR,Sorrento,Louisiana,7530 John Le Blanc Blvd,,United States,70778,
Sour Lake POP,SOUR,Sour Lake,Texas,29979 Hwy 105 W ,,United States,77659,
South Bend POP,SOUT2,South Bend,Indiana,1140 Franklin St,,United States,46601,
Sprague POP,SPRA,Sprague,Washington, Laney Rd,,United States,99032,
Springdale POP,SPRI,Springdale,Montana,101-199 Interstate 90 Frontage Rd,,United States,59011,
Springfield POP,SPRI3,Springfield,Massachusetts,1 Federal St,,United States,1105,
Spring Hill POP,SPRI4,Spring Hill,Kansas,25000 Somerset Rd Spg,,United States,66083,
Springer POP,SPRI5,Springer,Oklahoma, Route 3 Box 96A,,United States,73458,
Springfield POP,SPRI6,Springfield,Illinois,101 Marchelle Ave,,United States,62702,
Broomfield,STAGE,Broomfield,Colorado,1025 El Dorado BLVD,,United States,80021,
Stamford POP,STAM,Stamford,Connecticut,21 Harborview Ave,,United States,6902,
Stamford Glass Thru,STAM2,Stamford,Connecticut,86 Viaduct Road,,United States,6907,
Chicago - StarLight,STAR,Chicago,Illinois,710 North Lake Shore Drive,,United States,60611,600
Stockton POP,STOC,Stockton,California,3105 Carpenter Rd,,United States,95205,
Stover POP,STOV,Stover,Mississippi,17 True Vine Church Rd,,United States,38966,
Strasburg POP,STRA,Strasburg,Colorado,2598 S CORD 157 ,,United States,80136,
Suisun City POP,SUIS,Suisun City,California,6732 Creed Rd,,United States,94585,
Suisun City POP,SUIS2,Suisun City,California,106 Railroad Avenue,,United States,94585,
Sumner POP,SUMN,Sumner,Washington,1100 Main St,,United States,98390,
Sunnyvale,SUNN,Sunnyvale,California,1380 Kifer Road,First floor,United States,94086,S119
Sunnyside POP,SUNN2,Sunnyside,Washington,900-846016 Cold Creek Rd,,United States,99349,
Syracuse (Watertown) POP,SYRA,Syracuse (Watertown),New York,8829 COHWY 81 ,,United States,13088,
Table Rock POP,TABL,Table Rock,Wyoming,168 CORD 55 ,,United States,82336,
Tacna (Growler) POP,TACN,Tacna (Growler),Arizona,437 N Ave 49 E Ave,,United States,85352,
Tallahassee POP,TALL,Tallahassee,Florida,619 Mabry St,,United States,32304,
Tallahassee POP,TALL2,Tallahassee,Florida,601 Stone Valley Way,,United States,32310,
Tallahassee Glass through,TALL3,Tallahassee,Florida,1416 S Adams St,,United States,32301,
Talladega POP,TALL4,Talladega,Alabama,E/O CO Hwy 277 on CO Hwy 33,,United States,35160,
Tebbetts POP,TEBB,Tebbetts,Missouri,4873 State Rd AA,,United States,65080,
Thackerville POP,THAC,Thackerville,Oklahoma,US Highway 77,,United States,73459,
Thorntown (Reagan) POP,THOR,Thorntown (Reagan),Indiana,2947 W 950 N ,,United States,46071,
Three Forks POP,THRE,Three Forks,Montana,2925-4053 Kyd Rd,,United States,59752,
Timpie (Tooele) POP,TIMP,Timpie (Tooele),Utah,15516 W Rowley Rd,,United States,84022,Attn Timpie UT site
Tionesta POP,TION,Tionesta,California,4187 C County Rd 97 Rd,,United States,96134,
Tipton POP,TIPT,Tipton,Missouri,11914 Highway 50,,United States,65081,
Toledo Glass through,TOLE,Toledo,Ohio,1946 N 13th St,,United States,43624,
Toledo POP,TOLE2,Toledo,Ohio,639 Oliver St,,United States,43609,
Tomah POP,TOMA,Tomah,Wisconsin,23929 Lester McMullen Dr,,United States,54660,
Topeka POP,TOPE,Topeka,Kansas,101 SE Monroe St,,United States,66603,
Tornillo POP,TORN,Tornillo,Texas,19750 Alameda Ave,,United States,79853,
Townsend POP,TOWN,Townsend,Montana,395 River Rd,,United States,59644,
Tracy POP,TRAC,Tracy,California,25726 Hansen Rd,,United States,95377,
Truckee POP,TRUC,Truckee,California,10136 Hirschdale Rd,,United States,96161,
Tucson POP,TUCS,Tucson,Arizona,135 N 6th Ave,first floor,United States,85701,S002
Tulsa add/drop,TULS,Tulsa,Oklahoma,18 West Archer Street,First floor,United States,74103,
Tustin POP,TUST,Tustin,California,14452 Franklin Ave,,United States,92780,
Tylertown POP,TYLE,Tylertown,Mississippi,967 Hwy 583 ,,United States,39667,
Union City POP,UNIO,Union City,Pennsylvania,6758 Turner Rd,,United States,16438,
Utica POP,UTIC,Utica,New York,308 N Genesee St,,United States,13502,
Valentine POP,VALE,Valentine,Texas,14338 USHWY 90 ,,United States,79854,
Van Cleave POP,VANC,Van Cleave,Mississippi,11151 Oneal Rd,,United States,39565,
Van Horn POP,VANH,Van Horn,Texas,428 Guest Rnch,,United States,79855,
Ventura POP,VENT,Ventura,California,1667 Walter St,,United States,93003,
Vermillion POP,VERM,Vermillion,Ohio,5604 Coen Rd,,United States,44089,
Vernon (Lofgreen) POP,VERN,Vernon (Lofgreen),Utah,995 S Hwy 36 Hwy,,United States,84080,
Waco POP,WACO,Waco,Georgia,388 King St,,United States,30110,
Wagon Mound POP,WAGO,Wagon Mound,New Mexico,4 5 MI NO Wagon Mound on I-25 N ,,United States,87752,
Walcott POP,WALC,Walcott,Wyoming,MP237 US Hwy 30,,United States,82335,
Waller POP,WALL,Waller,Texas,20805 FM 362 Rd,,United States,77484,
Walnut,WALN,Walnut,Mississippi,150 County Road 129,,United States,38683,
Walsenburg POP,WALS,Walsenburg,Colorado,3407 I-25 ,,United States,81089,
Washington DC--[router],WASH,McLean,Virginia,1755 Old Meadow Road,,United States,22102,22
McLean 2nd floor S031,WASH2,McLean,Virginia,1755 Old Meadow Road,2nd Floor,United States,22102,
Washington (Port Barre) POP,WASH3,Washington (Port Barre),Louisiana,2343 Hwy 359 ,,United States,70589,
Waterloo POP,WATE2,Waterloo,New York, Ridge Interstate 90,,United States,13165,
Watertown POP,WATE3,Watertown,Wisconsin, County Road P I94,,United States,53094,
Waterloo POP,WATE4,Waterloo,New York,1299 Stone Church Rd,,United States,13165,
Waukesha POP,WAUK,Waukesha,Wisconsin, N 97th Bluemound,,United States,53266,
W Chicago ESNet AMP,WCHC,W. Chicago,Illinois,1130 Carolina Dr,,United States,60185,
Wellton POP,WELL,Wellton,Arizona,10045 South Ave 20 3/4,,United States,85356,
Wendover POP,WEND,Wendover,Utah,3131 Frontage Rd,,United States,84083,
Wesleyville POP,WESL,Wesleyville,Pennsylvania,Walbridge Rd @ Hwy 955,,United States,16511,
West Henrietta POP,WEST,West Henrietta,New York,10 Erie Station,,United States,14586,
Wi Dells POP,WIDE,Wi Dells,Wisconsin, Interstate 90 Wisconsin 13,,United States,53965,
Wiggins POP,WIGG,Wiggins,Colorado,13228 Cord 95,,United States,80654,
Wilmington POP,WILM,Wilmington,Delaware,1603 Jessup St,,United States,19802,
Winnemucca (Golcondabutee) POP,WINN,Winnemucca (Golcondabutee),Nevada, Exit 187 Off I-80 N ,,United States,89445,
Winterhaven POP,WINT,Winterhaven,California,672 Sidewinder Rd,,United States,92283,
Woodrow POP,WOOD,Woodrow,Colorado,1018 STHWY 71 ,,United States,80757,
"Woodville, WI / WiscNet Lumen Hut",WOOD2,Woodville,Wisconsin,2560 50th Ave,,United States,54028,
Worcester POP,WORC,Worcester,Massachusetts,474 Main St,,United States,1608,
Yakima POP,YAKI,Yakima,Washington,202 W Yakima Ave,,United States,98902,
Yakima (Fruitvale) POP,YAKI2,Yakima (Fruitvale),Washington,330 OLD NACHES HWY,,United States,98908,
Yazoo City POP,YAZO,Yazoo City,Mississippi,650 E 14th St,,United States,39194,
Youngstown POP,YOUN,Youngstown,Florida,12440 Highway 20 ,,United States,32466,
Yuma POP,YUMA,Yuma,Arizona,2100 S Kennedy Ln,,United States,85365,
